time,temp,rhum
2025-09-16 00:00:00,24.5,98
2025-09-16 01:00:00,25.8,95
2025-09-16 02:00:00,26.5,90
2025-09-16 03:00:00,26.6,88
2025-09-16 04:00:00,27.9,84
2025-09-16 05:00:00,28.4,83
2025-09-16 06:00:00,30.1,78
2025-09-16 07:00:00,29.6,76
2025-09-16 08:00:00,28.4,82
2025-09-16 09:00:00,28.8,80
2025-09-16 10:00:00,28.8,78
2025-09-16 11:00:00,27.4,89
2025-09-16 12:00:00,26.1,94
2025-09-16 13:00:00,25.6,94
2025-09-16 14:00:00,25.6,94
2025-09-16 15:00:00,25.5,96
2025-09-16 16:00:00,25.4,97
2025-09-16 17:00:00,25.2,96
2025-09-16 18:00:00,25.2,97
2025-09-16 19:00:00,25.1,97
2025-09-16 20:00:00,25.1,97
2025-09-16 21:00:00,24.9,98
2025-09-16 22:00:00,24.8,99
2025-09-16 23:00:00,24.7,99
2025-09-17 00:00:00,24.8,99
2025-09-17 01:00:00,26.6,96
2025-09-17 02:00:00,28.0,90
2025-09-17 03:00:00,29.2,83
2025-09-17 04:00:00,30.3,77
2025-09-17 05:00:00,30.9,76
2025-09-17 06:00:00,31.3,74
2025-09-17 07:00:00,30.0,74
2025-09-17 08:00:00,30.0,74
2025-09-17 09:00:00,29.5,79
2025-09-17 10:00:00,29.4,80
2025-09-17 11:00:00,29.1,81
2025-09-17 12:00:00,28.1,86
2025-09-17 13:00:00,26.6,90
2025-09-17 14:00:00,26.4,91
2025-09-17 15:00:00,26.1,93
2025-09-17 16:00:00,26.0,93
2025-09-17 17:00:00,25.7,95
2025-09-17 18:00:00,25.2,95
2025-09-17 19:00:00,25.3,96
2025-09-17 20:00:00,25.3,96
2025-09-17 21:00:00,25.4,97
2025-09-17 22:00:00,25.5,98
2025-09-17 23:00:00,25.4,98
2025-09-18 00:00:00,25.4,98
2025-09-18 01:00:00,27.2,93
2025-09-18 02:00:00,28.2,87
2025-09-18 03:00:00,28.6,78
2025-09-18 04:00:00,28.7,81
2025-09-18 05:00:00,29.5,80
2025-09-18 06:00:00,30.5,78
2025-09-18 07:00:00,31.2,73
2025-09-18 08:00:00,31.8,70
2025-09-18 09:00:00,29.9,76
2025-09-18 10:00:00,29.7,78
2025-09-18 11:00:00,28.7,82
2025-09-18 12:00:00,26.9,91
2025-09-18 13:00:00,27.6,94
2025-09-18 14:00:00,27.4,95
2025-09-18 15:00:00,26.7,95
2025-09-18 16:00:00,26.2,94
2025-09-18 17:00:00,25.7,98
2025-09-18 18:00:00,25.5,99
2025-09-18 19:00:00,25.4,100
2025-09-18 20:00:00,25.5,99
2025-09-18 21:00:00,25.5,99
2025-09-18 22:00:00,25.6,98
2025-09-18 23:00:00,25.4,99
2025-09-19 00:00:00,25.0,99
2025-09-19 01:00:00,27.8,95
2025-09-19 02:00:00,29.5,85
2025-09-19 03:00:00,30.6,77
2025-09-19 04:00:00,31.2,72
2025-09-19 05:00:00,31.9,69
2025-09-19 06:00:00,32.0,70
2025-09-19 07:00:00,31.2,76
2025-09-19 08:00:00,30.4,78
2025-09-19 09:00:00,31.1,76
2025-09-19 10:00:00,31.1,75
2025-09-19 11:00:00,30.8,74
2025-09-19 12:00:00,29.0,84
2025-09-19 13:00:00,27.4,91
2025-09-19 14:00:00,27.3,93
2025-09-19 15:00:00,27.0,96
2025-09-19 16:00:00,26.8,97
2025-09-19 17:00:00,26.5,99
2025-09-19 18:00:00,26.2,99
2025-09-19 19:00:00,26.0,99
2025-09-19 20:00:00,26.0,99
2025-09-19 21:00:00,26.0,98
2025-09-19 22:00:00,26.0,98
2025-09-19 23:00:00,25.7,99
2025-09-20 00:00:00,26.0,99
2025-09-20 01:00:00,27.2,97
2025-09-20 02:00:00,28.7,86
2025-09-20 03:00:00,28.1,86
2025-09-20 04:00:00,29.2,83
2025-09-20 05:00:00,30.3,81
2025-09-20 06:00:00,31.2,78
2025-09-20 07:00:00,31.8,75
2025-09-20 08:00:00,32.1,73
2025-09-20 09:00:00,32.2,72
2025-09-20 10:00:00,31.9,73
2025-09-20 11:00:00,31.1,77
2025-09-20 12:00:00,28.9,90
2025-09-20 13:00:00,27.3,97
2025-09-20 14:00:00,27.3,96
2025-09-20 15:00:00,27.3,97
2025-09-20 16:00:00,27.0,97
2025-09-20 17:00:00,26.9,97
2025-09-20 18:00:00,26.7,98
2025-09-20 19:00:00,26.6,98
2025-09-20 20:00:00,25.9,100
2025-09-20 21:00:00,25.6,99
2025-09-20 22:00:00,25.6,98
2025-09-20 23:00:00,25.5,100
2025-09-21 00:00:00,25.6,99
2025-09-21 01:00:00,27.9,95
2025-09-21 02:00:00,30.0,87
2025-09-21 03:00:00,31.6,75
2025-09-21 04:00:00,32.4,68
2025-09-21 05:00:00,32.9,67
2025-09-21 06:00:00,33.3,65
2025-09-21 07:00:00,33.8,63
2025-09-21 08:00:00,33.6,65
2025-09-21 09:00:00,33.2,65
2025-09-21 10:00:00,31.8,72
2025-09-21 11:00:00,31.8,74
2025-09-21 12:00:00,30.2,83
2025-09-21 13:00:00,28.8,93
2025-09-21 14:00:00,28.1,95
2025-09-21 15:00:00,27.7,95
2025-09-21 16:00:00,27.5,93
2025-09-21 17:00:00,27.3,93
2025-09-21 18:00:00,26.1,96
2025-09-21 19:00:00,25.9,99
2025-09-21 20:00:00,25.6,99
2025-09-21 21:00:00,25.4,98
2025-09-21 22:00:00,25.4,99
2025-09-21 23:00:00,25.3,99
2025-09-22 00:00:00,25.2,99
2025-09-22 01:00:00,26.0,97
2025-09-22 02:00:00,26.2,96
2025-09-22 03:00:00,26.3,95
2025-09-22 04:00:00,27.5,87
2025-09-22 05:00:00,28.7,82
2025-09-22 06:00:00,29.1,80
2025-09-22 07:00:00,29.5,80
2025-09-22 08:00:00,29.9,78
2025-09-22 09:00:00,30.1,75
2025-09-22 10:00:00,29.9,75
2025-09-22 11:00:00,29.6,77
2025-09-22 12:00:00,28.4,81
2025-09-22 13:00:00,27.5,87
2025-09-22 14:00:00,27.0,89
2025-09-22 15:00:00,26.7,90
2025-09-22 16:00:00,26.5,90
2025-09-22 17:00:00,26.0,93
2025-09-22 18:00:00,25.7,94
2025-09-22 19:00:00,25.6,95
2025-09-22 20:00:00,25.3,96
2025-09-22 21:00:00,25.1,96
2025-09-22 22:00:00,25.1,96
2025-09-22 23:00:00,25.1,96
2025-09-23 00:00:00,25.2,96
2025-09-23 01:00:00,26.7,93
2025-09-23 02:00:00,27.8,88
2025-09-23 03:00:00,29.2,80
2025-09-23 04:00:00,30.3,74
2025-09-23 05:00:00,31.4,70
2025-09-23 06:00:00,31.9,67
2025-09-23 07:00:00,32.1,65
2025-09-23 08:00:00,32.0,66
2025-09-23 09:00:00,31.7,68
2025-09-23 10:00:00,31.1,70
2025-09-23 11:00:00,29.8,79
2025-09-23 12:00:00,28.8,86
2025-09-23 13:00:00,28.6,85
2025-09-23 14:00:00,27.9,88
2025-09-23 15:00:00,27.3,90
2025-09-23 16:00:00,26.9,92
2025-09-23 17:00:00,26.4,95
2025-09-23 18:00:00,26.0,97
2025-09-23 19:00:00,25.9,99
2025-09-23 20:00:00,25.7,99
2025-09-23 21:00:00,25.6,99
2025-09-23 22:00:00,25.5,99
2025-09-23 23:00:00,25.5,99
2025-09-24 00:00:00,25.5,99
2025-09-24 01:00:00,27.3,92
2025-09-24 02:00:00,28.7,85
2025-09-24 03:00:00,29.8,79
2025-09-24 04:00:00,31.1,74
2025-09-24 05:00:00,31.8,72
2025-09-24 06:00:00,32.3,72
2025-09-24 07:00:00,32.5,72
2025-09-24 08:00:00,32.4,72
2025-09-24 09:00:00,32.3,72
2025-09-24 10:00:00,31.5,74
2025-09-24 11:00:00,28.2,87
2025-09-24 12:00:00,27.7,92
2025-09-24 13:00:00,26.2,98
2025-09-24 14:00:00,26.6,97
2025-09-24 15:00:00,26.2,97
2025-09-24 16:00:00,25.8,97
2025-09-24 17:00:00,25.6,98
2025-09-24 18:00:00,25.5,98
2025-09-24 19:00:00,25.4,98
2025-09-24 20:00:00,25.3,98
2025-09-24 21:00:00,25.2,98
2025-09-24 22:00:00,24.8,98
2025-09-24 23:00:00,24.6,98
2025-09-25 00:00:00,24.5,98
2025-09-25 01:00:00,27.1,94
2025-09-25 02:00:00,28.0,88
2025-09-25 03:00:00,29.1,83
2025-09-25 04:00:00,30.6,77
2025-09-25 05:00:00,31.4,72
2025-09-25 06:00:00,32.4,68
2025-09-25 07:00:00,33.1,65
2025-09-25 08:00:00,33.2,64
2025-09-25 09:00:00,33.1,65
2025-09-25 10:00:00,32.9,66
2025-09-25 11:00:00,32.1,71
2025-09-25 12:00:00,30.7,80
2025-09-25 13:00:00,29.6,82
2025-09-25 14:00:00,29.0,84
2025-09-25 15:00:00,28.6,87
2025-09-25 16:00:00,28.1,89
2025-09-25 17:00:00,27.7,91
2025-09-25 18:00:00,27.3,93
2025-09-25 19:00:00,26.9,97
2025-09-25 20:00:00,26.6,99
2025-09-25 21:00:00,26.4,99
2025-09-25 22:00:00,26.2,99
2025-09-25 23:00:00,26.1,98
2025-09-26 00:00:00,26.0,99
2025-09-26 01:00:00,28.4,92
2025-09-26 02:00:00,29.9,87
2025-09-26 03:00:00,31.3,76
2025-09-26 04:00:00,32.1,72
2025-09-26 05:00:00,32.7,71
2025-09-26 06:00:00,32.7,73
2025-09-26 07:00:00,31.7,78
2025-09-26 08:00:00,30.2,81
2025-09-26 09:00:00,30.4,81
2025-09-26 10:00:00,30.8,75
2025-09-26 11:00:00,30.4,76
2025-09-26 12:00:00,29.5,77
2025-09-26 13:00:00,28.9,80
2025-09-26 14:00:00,28.5,81
2025-09-26 15:00:00,27.9,84
2025-09-26 16:00:00,27.5,87
2025-09-26 17:00:00,27.3,88
2025-09-26 18:00:00,27.1,89
2025-09-26 19:00:00,26.8,91
2025-09-26 20:00:00,26.5,92
2025-09-26 21:00:00,26.5,91
2025-09-26 22:00:00,26.3,92
2025-09-26 23:00:00,26.3,92
2025-09-27 00:00:00,26.1,94
2025-09-27 01:00:00,27.5,92
2025-09-27 02:00:00,28.3,88
2025-09-27 03:00:00,29.6,83
2025-09-27 04:00:00,30.9,79
2025-09-27 05:00:00,31.5,76
2025-09-27 06:00:00,29.3,84
2025-09-27 07:00:00,30.7,77
2025-09-27 08:00:00,31.4,73
2025-09-27 09:00:00,31.7,70
2025-09-27 10:00:00,26.8,93
2025-09-27 11:00:00,26.9,90
2025-09-27 12:00:00,26.6,94
2025-09-27 13:00:00,27.4,88
2025-09-27 14:00:00,27.0,91
2025-09-27 15:00:00,26.8,94
2025-09-27 16:00:00,26.6,96
2025-09-27 17:00:00,26.4,97
2025-09-27 18:00:00,26.3,99
2025-09-27 19:00:00,26.1,99
2025-09-27 20:00:00,26.0,100
2025-09-27 21:00:00,25.9,100
2025-09-27 22:00:00,25.8,100
2025-09-27 23:00:00,25.5,100
2025-09-28 00:00:00,25.9,99
2025-09-28 01:00:00,27.3,95
2025-09-28 02:00:00,28.6,88
2025-09-28 03:00:00,29.8,83
2025-09-28 04:00:00,30.9,77
2025-09-28 05:00:00,31.8,71
2025-09-28 06:00:00,32.3,67
2025-09-28 07:00:00,32.2,66
2025-09-28 08:00:00,32.0,66
2025-09-28 09:00:00,31.7,67
2025-09-28 10:00:00,31.4,70
2025-09-28 11:00:00,30.8,73
2025-09-28 12:00:00,29.5,81
2025-09-28 13:00:00,28.0,89
2025-09-28 14:00:00,27.4,94
2025-09-28 15:00:00,27.0,96
2025-09-28 16:00:00,27.1,95
2025-09-28 17:00:00,27.2,94
2025-09-28 18:00:00,27.1,94
2025-09-28 19:00:00,27.0,95
2025-09-28 20:00:00,26.8,96
2025-09-28 21:00:00,26.6,97
2025-09-28 22:00:00,26.5,97
2025-09-28 23:00:00,26.4,97
2025-09-29 00:00:00,26.2,97
2025-09-29 01:00:00,27.9,92
2025-09-29 02:00:00,29.6,84
2025-09-29 03:00:00,31.1,74
2025-09-29 04:00:00,31.8,70
2025-09-29 05:00:00,32.4,66
2025-09-29 06:00:00,33.0,63
2025-09-29 07:00:00,32.5,64
2025-09-29 08:00:00,32.5,64
2025-09-29 09:00:00,31.9,68
2025-09-29 10:00:00,31.7,71
2025-09-29 11:00:00,31.2,73
2025-09-29 12:00:00,29.8,81
2025-09-29 13:00:00,29.5,85
2025-09-29 14:00:00,29.3,87
2025-09-29 15:00:00,29.1,87
2025-09-29 16:00:00,28.7,88
2025-09-29 17:00:00,28.4,88
2025-09-29 18:00:00,27.9,91
2025-09-29 19:00:00,27.4,94
2025-09-29 20:00:00,27.2,95
2025-09-29 21:00:00,26.9,96
2025-09-29 22:00:00,26.7,96
2025-09-29 23:00:00,26.4,97
2025-09-30 00:00:00,26.3,98
2025-09-30 01:00:00,28.8,91
2025-09-30 02:00:00,30.0,83
2025-09-30 03:00:00,31.0,77
2025-09-30 04:00:00,31.0,77
2025-09-30 05:00:00,32.4,69
2025-09-30 06:00:00,33.5,63
2025-09-30 07:00:00,34.2,59
2025-09-30 08:00:00,34.7,57
2025-09-30 09:00:00,34.7,57
2025-09-30 10:00:00,32.7,65
2025-09-30 11:00:00,31.2,72
2025-09-30 12:00:00,28.0,90
2025-09-30 13:00:00,27.8,89
2025-09-30 14:00:00,27.8,90
2025-09-30 15:00:00,27.5,93
2025-09-30 16:00:00,27.1,91
2025-09-30 17:00:00,26.7,91
2025-09-30 18:00:00,25.2,99
2025-09-30 19:00:00,24.9,99
2025-09-30 20:00:00,25.1,97
2025-09-30 21:00:00,25.1,97
2025-09-30 22:00:00,25.0,99
2025-09-30 23:00:00,25.0,99
2025-10-01 00:00:00,24.6,97
2025-10-01 01:00:00,24.9,98
2025-10-01 02:00:00,25.1,96
2025-10-01 03:00:00,26.2,89
2025-10-01 04:00:00,27.5,84
2025-10-01 05:00:00,28.9,78
2025-10-01 06:00:00,28.3,80
2025-10-01 07:00:00,29.1,77
2025-10-01 08:00:00,29.6,74
2025-10-01 09:00:00,30.3,72
2025-10-01 10:00:00,26.3,92
2025-10-01 11:00:00,25.8,95
2025-10-01 12:00:00,25.4,95
2025-10-01 13:00:00,25.1,94
2025-10-01 14:00:00,25.1,94
2025-10-01 15:00:00,25.2,96
2025-10-01 16:00:00,25.0,97
2025-10-01 17:00:00,24.9,98
2025-10-01 18:00:00,25.3,96
2025-10-01 19:00:00,25.2,95
2025-10-01 20:00:00,24.7,98
2025-10-01 21:00:00,24.3,99
2025-10-01 22:00:00,24.3,99
2025-10-01 23:00:00,24.2,97
2025-10-02 00:00:00,24.8,97
2025-10-02 01:00:00,25.8,94
2025-10-02 02:00:00,26.6,91
2025-10-02 03:00:00,25.8,90
2025-10-02 04:00:00,25.2,94
2025-10-02 05:00:00,25.9,93
2025-10-02 06:00:00,28.6,81
2025-10-02 07:00:00,25.9,92
2025-10-02 08:00:00,27.0,90
2025-10-02 09:00:00,27.2,88
2025-10-02 10:00:00,26.7,90
2025-10-02 11:00:00,26.6,91
2025-10-02 12:00:00,25.7,97
2025-10-02 13:00:00,25.6,97
2025-10-02 14:00:00,25.4,97
2025-10-02 15:00:00,25.4,96
2025-10-02 16:00:00,25.4,96
2025-10-02 17:00:00,25.3,97
2025-10-02 18:00:00,25.5,97
2025-10-02 19:00:00,25.3,98
2025-10-02 20:00:00,25.3,98
2025-10-02 21:00:00,25.1,98
2025-10-02 22:00:00,25.0,98
2025-10-02 23:00:00,25.0,98
2025-10-03 00:00:00,25.1,96
2025-10-03 01:00:00,25.7,94
2025-10-03 02:00:00,26.7,89
2025-10-03 03:00:00,26.7,90
2025-10-03 04:00:00,27.3,91
2025-10-03 05:00:00,28.6,88
2025-10-03 06:00:00,27.8,86
2025-10-03 07:00:00,29.9,78
2025-10-03 08:00:00,30.4,77
2025-10-03 09:00:00,30.5,77
2025-10-03 10:00:00,26.7,90
2025-10-03 11:00:00,25.8,92
2025-10-03 12:00:00,26.9,93
2025-10-03 13:00:00,26.3,97
2025-10-03 14:00:00,26.0,97
2025-10-03 15:00:00,25.6,98
2025-10-03 16:00:00,25.4,98
2025-10-03 17:00:00,25.2,98
2025-10-03 18:00:00,25.2,96
2025-10-03 19:00:00,25.3,95
2025-10-03 20:00:00,25.4,94
2025-10-03 21:00:00,25.3,95
2025-10-03 22:00:00,25.0,98
2025-10-03 23:00:00,24.9,99
2025-10-04 00:00:00,25.3,97
2025-10-04 01:00:00,26.0,94
2025-10-04 02:00:00,27.3,90
2025-10-04 03:00:00,28.9,81
2025-10-04 04:00:00,30.2,76
2025-10-04 05:00:00,31.1,72
2025-10-04 06:00:00,31.4,71
2025-10-04 07:00:00,31.8,70
2025-10-04 08:00:00,31.9,69
2025-10-04 09:00:00,28.4,82
2025-10-04 10:00:00,27.6,84
2025-10-04 11:00:00,27.3,86
2025-10-04 12:00:00,26.9,94
2025-10-04 13:00:00,26.4,94
2025-10-04 14:00:00,26.0,94
2025-10-04 15:00:00,25.7,95
2025-10-04 16:00:00,25.6,95
2025-10-04 17:00:00,25.6,96
2025-10-04 18:00:00,25.4,97
2025-10-04 19:00:00,25.3,97
2025-10-04 20:00:00,25.1,98
2025-10-04 21:00:00,24.9,98
2025-10-04 22:00:00,24.9,99
2025-10-04 23:00:00,25.0,98
2025-10-05 00:00:00,25.9,97
2025-10-05 01:00:00,27.1,90
2025-10-05 02:00:00,26.7,91
2025-10-05 03:00:00,28.1,86
2025-10-05 04:00:00,29.3,83
2025-10-05 05:00:00,29.2,79
2025-10-05 06:00:00,30.2,75
2025-10-05 07:00:00,30.5,74
2025-10-05 08:00:00,28.7,79
2025-10-05 09:00:00,28.5,81
2025-10-05 10:00:00,27.5,83
2025-10-05 11:00:00,25.4,95
2025-10-05 12:00:00,26.5,93
2025-10-05 13:00:00,25.7,96
2025-10-05 14:00:00,25.3,97
2025-10-05 15:00:00,25.1,98
2025-10-05 16:00:00,24.8,98
2025-10-05 17:00:00,24.6,98
2025-10-05 18:00:00,24.7,99
2025-10-05 19:00:00,24.7,99
2025-10-05 20:00:00,24.5,99
2025-10-05 21:00:00,24.3,100
2025-10-05 22:00:00,24.1,100
2025-10-05 23:00:00,24.2,100
2025-10-06 00:00:00,24.6,98
2025-10-06 01:00:00,25.4,94
2025-10-06 02:00:00,26.4,89
2025-10-06 03:00:00,27.8,83
2025-10-06 04:00:00,29.2,76
2025-10-06 05:00:00,30.3,71
2025-10-06 06:00:00,30.6,72
2025-10-06 07:00:00,31.0,71
2025-10-06 08:00:00,28.8,76
2025-10-06 09:00:00,25.8,91
2025-10-06 10:00:00,25.5,93
2025-10-06 11:00:00,25.6,93
2025-10-06 12:00:00,25.1,96
2025-10-06 13:00:00,25.0,97
2025-10-06 14:00:00,24.9,97
2025-10-06 15:00:00,24.8,98
2025-10-06 16:00:00,24.8,99
2025-10-06 17:00:00,24.7,99
2025-10-06 18:00:00,24.6,99
2025-10-06 19:00:00,24.6,99
2025-10-06 20:00:00,24.4,100
2025-10-06 21:00:00,24.3,99
2025-10-06 22:00:00,24.1,100
2025-10-06 23:00:00,24.3,100
2025-10-07 00:00:00,24.2,100
2025-10-07 01:00:00,25.1,96
2025-10-07 02:00:00,26.4,90
2025-10-07 03:00:00,27.6,85
2025-10-07 04:00:00,28.8,82
2025-10-07 05:00:00,28.9,80
2025-10-07 06:00:00,30.2,75
2025-10-07 07:00:00,30.4,73
2025-10-07 08:00:00,29.1,73
2025-10-07 09:00:00,25.8,91
2025-10-07 10:00:00,25.9,93
2025-10-07 11:00:00,25.9,93
2025-10-07 12:00:00,25.1,98
2025-10-07 13:00:00,24.9,98
2025-10-07 14:00:00,24.7,98
2025-10-07 15:00:00,24.7,98
2025-10-07 16:00:00,24.7,99
2025-10-07 17:00:00,24.6,99
2025-10-07 18:00:00,25.8,96
2025-10-07 19:00:00,25.1,98
2025-10-07 20:00:00,24.8,99
2025-10-07 21:00:00,24.6,100
2025-10-07 22:00:00,24.1,95
2025-10-07 23:00:00,23.9,93
2025-10-08 00:00:00,24.0,97
2025-10-08 01:00:00,24.6,96
2025-10-08 02:00:00,26.0,89
2025-10-08 03:00:00,27.2,83
2025-10-08 04:00:00,28.8,76
2025-10-08 05:00:00,29.6,73
2025-10-08 06:00:00,30.1,73
2025-10-08 07:00:00,30.6,72
2025-10-08 08:00:00,30.6,73
2025-10-08 09:00:00,30.5,71
2025-10-08 10:00:00,29.8,73
2025-10-08 11:00:00,27.0,86
2025-10-08 12:00:00,26.7,96
2025-10-08 13:00:00,26.3,97
2025-10-08 14:00:00,25.9,99
2025-10-08 15:00:00,25.7,99
2025-10-08 16:00:00,25.6,98
2025-10-08 17:00:00,25.3,99
2025-10-08 18:00:00,24.9,100
2025-10-08 19:00:00,25.1,98
2025-10-08 20:00:00,25.0,99
2025-10-08 21:00:00,24.6,100
2025-10-08 22:00:00,24.6,100
2025-10-08 23:00:00,24.6,100
2025-10-09 00:00:00,24.8,99
2025-10-09 01:00:00,25.7,97
2025-10-09 02:00:00,26.8,93
2025-10-09 03:00:00,27.8,90
2025-10-09 04:00:00,28.7,85
2025-10-09 05:00:00,29.6,79
2025-10-09 06:00:00,29.9,76
2025-10-09 07:00:00,30.1,75
2025-10-09 08:00:00,30.0,74
2025-10-09 09:00:00,29.9,71
2025-10-09 10:00:00,27.8,84
2025-10-09 11:00:00,27.4,87
2025-10-09 12:00:00,26.9,95
2025-10-09 13:00:00,26.3,98
2025-10-09 14:00:00,26.1,98
2025-10-09 15:00:00,25.5,98
2025-10-09 16:00:00,25.3,98
2025-10-09 17:00:00,25.1,98
2025-10-09 18:00:00,25.8,100
2025-10-09 19:00:00,25.7,100
2025-10-09 20:00:00,25.4,100
2025-10-09 21:00:00,25.2,100
2025-10-09 22:00:00,25.1,100
2025-10-09 23:00:00,25.0,100
2025-10-10 00:00:00,24.2,98
2025-10-10 01:00:00,25.4,94
2025-10-10 02:00:00,27.1,88
2025-10-10 03:00:00,28.6,80
2025-10-10 04:00:00,29.6,76
2025-10-10 05:00:00,30.3,75
2025-10-10 06:00:00,30.6,71
2025-10-10 07:00:00,31.1,71
2025-10-10 08:00:00,31.1,70
2025-10-10 09:00:00,29.7,73
2025-10-10 10:00:00,26.6,87
2025-10-10 11:00:00,26.1,89
2025-10-10 12:00:00,24.7,98
2025-10-10 13:00:00,24.8,99
2025-10-10 14:00:00,25.0,95
2025-10-10 15:00:00,24.8,96
2025-10-10 16:00:00,24.3,100
2025-10-10 17:00:00,24.3,100
2025-10-10 18:00:00,24.7,99
2025-10-10 19:00:00,24.4,99
2025-10-10 20:00:00,24.5,99
2025-10-10 21:00:00,24.4,99
2025-10-10 22:00:00,24.0,99
2025-10-10 23:00:00,24.0,98
2025-10-11 00:00:00,24.2,96
2025-10-11 01:00:00,24.9,96
2025-10-11 02:00:00,25.9,91
2025-10-11 03:00:00,26.7,89
2025-10-11 04:00:00,27.2,89
2025-10-11 05:00:00,28.2,84
2025-10-11 06:00:00,28.9,76
2025-10-11 07:00:00,29.5,73
2025-10-11 08:00:00,29.5,74
2025-10-11 09:00:00,29.2,76
2025-10-11 10:00:00,28.2,79
2025-10-11 11:00:00,27.4,84
2025-10-11 12:00:00,25.8,95
2025-10-11 13:00:00,24.9,98
2025-10-11 14:00:00,24.7,99
2025-10-11 15:00:00,24.4,99
2025-10-11 16:00:00,24.2,100
2025-10-11 17:00:00,23.9,100
2025-10-11 18:00:00,24.4,100
2025-10-11 19:00:00,24.3,100
2025-10-11 20:00:00,24.3,100
2025-10-11 21:00:00,24.2,100
2025-10-11 22:00:00,24.0,100
2025-10-11 23:00:00,24.0,100
2025-10-12 00:00:00,24.6,100
2025-10-12 01:00:00,24.8,99
2025-10-12 02:00:00,25.9,92
2025-10-12 03:00:00,27.6,82
2025-10-12 04:00:00,28.7,75
2025-10-12 05:00:00,29.6,70
2025-10-12 06:00:00,30.1,64
2025-10-12 07:00:00,30.5,61
2025-10-12 08:00:00,30.6,61
2025-10-12 09:00:00,30.4,61
2025-10-12 10:00:00,29.8,65
2025-10-12 11:00:00,28.4,75
2025-10-12 12:00:00,27.0,83
2025-10-12 13:00:00,25.9,88
2025-10-12 14:00:00,25.2,90
2025-10-12 15:00:00,24.9,90
2025-10-12 16:00:00,24.5,92
2025-10-12 17:00:00,24.0,94
2025-10-12 18:00:00,23.9,97
2025-10-12 19:00:00,23.7,98
2025-10-12 20:00:00,23.3,99
2025-10-12 21:00:00,23.1,99
2025-10-12 22:00:00,22.9,100
2025-10-12 23:00:00,22.5,100
2025-10-13 00:00:00,23.1,100
2025-10-13 01:00:00,24.0,99
2025-10-13 02:00:00,26.4,91
2025-10-13 03:00:00,28.6,74
2025-10-13 04:00:00,29.3,68
2025-10-13 05:00:00,30.1,64
2025-10-13 06:00:00,30.6,60
2025-10-13 07:00:00,31.0,59
2025-10-13 08:00:00,31.0,58
2025-10-13 09:00:00,30.9,58
2025-10-13 10:00:00,30.2,61
2025-10-13 11:00:00,28.7,74
2025-10-13 12:00:00,27.2,77
2025-10-13 13:00:00,26.6,82
2025-10-13 14:00:00,25.8,87
2025-10-13 15:00:00,25.1,92
2025-10-13 16:00:00,24.8,93
2025-10-13 17:00:00,24.3,96
2025-10-13 18:00:00,24.9,93
2025-10-13 19:00:00,25.0,88
2025-10-13 20:00:00,24.5,89
2025-10-13 21:00:00,24.0,91
2025-10-13 22:00:00,23.6,93
2025-10-13 23:00:00,23.2,94
2025-10-14 00:00:00,23.5,94
2025-10-14 01:00:00,24.9,90
2025-10-14 02:00:00,26.7,84
2025-10-14 03:00:00,28.5,79
2025-10-14 04:00:00,29.7,71
2025-10-14 05:00:00,30.5,67
2025-10-14 06:00:00,31.2,62
2025-10-14 07:00:00,31.6,60
2025-10-14 08:00:00,31.5,59
2025-10-14 09:00:00,31.1,61
2025-10-14 10:00:00,30.4,66
2025-10-14 11:00:00,29.0,74
2025-10-14 12:00:00,27.8,79
2025-10-14 13:00:00,26.9,82
2025-10-14 14:00:00,26.1,85
2025-10-14 15:00:00,25.4,88
2025-10-14 16:00:00,24.8,91
2025-10-14 17:00:00,24.4,92
2025-10-14 18:00:00,24.8,93
2025-10-14 19:00:00,24.6,94
2025-10-14 20:00:00,24.4,96
2025-10-14 21:00:00,24.2,96
2025-10-14 22:00:00,23.8,98
2025-10-14 23:00:00,23.5,99
2025-10-15 00:00:00,24.1,98
2025-10-15 01:00:00,25.4,95
2025-10-15 02:00:00,27.1,89
2025-10-15 03:00:00,28.9,83
2025-10-15 04:00:00,30.5,70
2025-10-15 05:00:00,31.2,65
2025-10-15 06:00:00,31.8,58
2025-10-15 07:00:00,32.3,57
2025-10-15 08:00:00,32.1,58
2025-10-15 09:00:00,31.9,59
2025-10-15 10:00:00,31.2,64
2025-10-15 11:00:00,29.9,76
2025-10-15 12:00:00,28.0,80
2025-10-15 13:00:00,27.0,84
2025-10-15 14:00:00,26.2,87
2025-10-15 15:00:00,25.8,87
2025-10-15 16:00:00,25.5,87
2025-10-15 17:00:00,25.1,87
2025-10-15 18:00:00,25.2,86
2025-10-15 19:00:00,25.1,86
2025-10-15 20:00:00,24.6,89
2025-10-15 21:00:00,24.3,91
2025-10-15 22:00:00,24.0,93
2025-10-15 23:00:00,23.8,94
2025-10-16 00:00:00,24.3,95
2025-10-16 01:00:00,25.7,91
2025-10-16 02:00:00,27.7,85
2025-10-16 03:00:00,29.7,76
2025-10-16 04:00:00,30.8,68
2025-10-16 05:00:00,31.3,66
2025-10-16 06:00:00,31.4,63
2025-10-16 07:00:00,31.7,63
2025-10-16 08:00:00,31.8,62
2025-10-16 09:00:00,31.7,61
2025-10-16 10:00:00,31.2,64
2025-10-16 11:00:00,30.0,78
2025-10-16 12:00:00,28.8,79
2025-10-16 13:00:00,28.2,82
2025-10-16 14:00:00,27.2,85
2025-10-16 15:00:00,26.6,88
2025-10-16 16:00:00,26.2,90
2025-10-16 17:00:00,26.1,90
2025-10-16 18:00:00,25.8,93
2025-10-16 19:00:00,25.6,97
2025-10-16 20:00:00,23.8,98
2025-10-16 21:00:00,24.1,96
2025-10-16 22:00:00,23.8,99
2025-10-16 23:00:00,23.7,99
2025-10-17 00:00:00,24.5,99
2025-10-17 01:00:00,26.1,94
2025-10-17 02:00:00,28.0,86
2025-10-17 03:00:00,29.6,80
2025-10-17 04:00:00,30.7,73
2025-10-17 05:00:00,31.4,68
2025-10-17 06:00:00,31.9,65
2025-10-17 07:00:00,32.3,64
2025-10-17 08:00:00,32.4,64
2025-10-17 09:00:00,31.9,64
2025-10-17 10:00:00,31.2,66
2025-10-17 11:00:00,30.0,79
2025-10-17 12:00:00,28.7,86
2025-10-17 13:00:00,28.3,86
2025-10-17 14:00:00,27.6,87
2025-10-17 15:00:00,27.0,89
2025-10-17 16:00:00,26.6,91
2025-10-17 17:00:00,26.1,94
2025-10-17 18:00:00,24.9,95
2025-10-17 19:00:00,24.9,93
2025-10-17 20:00:00,24.6,96
2025-10-17 21:00:00,24.3,97
2025-10-17 22:00:00,23.8,100
2025-10-17 23:00:00,23.7,100
2025-10-18 00:00:00,25.0,100
2025-10-18 01:00:00,26.4,95
2025-10-18 02:00:00,28.5,86
2025-10-18 03:00:00,30.1,75
2025-10-18 04:00:00,31.2,67
2025-10-18 05:00:00,32.0,62
2025-10-18 06:00:00,32.5,58
2025-10-18 07:00:00,32.8,56
2025-10-18 08:00:00,32.8,55
2025-10-18 09:00:00,32.3,57
2025-10-18 10:00:00,31.6,62
2025-10-18 11:00:00,30.0,74
2025-10-18 12:00:00,28.6,78
2025-10-18 13:00:00,27.8,82
2025-10-18 14:00:00,27.0,86
2025-10-18 15:00:00,26.5,89
2025-10-18 16:00:00,25.8,93
2025-10-18 17:00:00,25.5,94
2025-10-18 18:00:00,25.7,96
2025-10-18 19:00:00,25.7,93
2025-10-18 20:00:00,25.2,95
2025-10-18 21:00:00,25.0,98
2025-10-18 22:00:00,24.4,98
2025-10-18 23:00:00,23.9,99
2025-10-19 00:00:00,24.4,99
2025-10-19 01:00:00,26.2,93
2025-10-19 02:00:00,28.6,80
2025-10-19 03:00:00,30.1,73
2025-10-19 04:00:00,31.4,67
2025-10-19 05:00:00,32.2,62
2025-10-19 06:00:00,32.3,60
2025-10-19 07:00:00,32.7,55
2025-10-19 08:00:00,32.6,51
2025-10-19 09:00:00,32.4,51
2025-10-19 10:00:00,31.8,57
2025-10-19 11:00:00,30.4,72
2025-10-19 12:00:00,28.3,71
2025-10-19 13:00:00,27.3,78
2025-10-19 14:00:00,26.5,86
2025-10-19 15:00:00,26.0,91
2025-10-19 16:00:00,25.3,94
2025-10-19 17:00:00,24.8,95
2025-10-19 18:00:00,24.9,97
2025-10-19 19:00:00,25.0,98
2025-10-19 20:00:00,24.6,99
2025-10-19 21:00:00,24.3,98
2025-10-19 22:00:00,23.6,98
2025-10-19 23:00:00,23.3,98
2025-10-20 00:00:00,24.0,97
2025-10-20 01:00:00,25.5,90
2025-10-20 02:00:00,27.7,83
2025-10-20 03:00:00,29.7,78
2025-10-20 04:00:00,31.4,70
2025-10-20 05:00:00,32.6,57
2025-10-20 06:00:00,33.0,55
2025-10-20 07:00:00,33.3,52
2025-10-20 08:00:00,33.2,51
2025-10-20 09:00:00,32.7,50
2025-10-20 10:00:00,31.8,58
2025-10-20 11:00:00,30.3,70
2025-10-20 12:00:00,29.0,68
2025-10-20 13:00:00,27.2,79
2025-10-20 14:00:00,26.2,87
2025-10-20 15:00:00,25.6,88
2025-10-20 16:00:00,25.1,89
2025-10-20 17:00:00,24.5,93
2025-10-20 18:00:00,24.4,96
2025-10-20 19:00:00,24.5,94
2025-10-20 20:00:00,24.2,93
2025-10-20 21:00:00,23.9,92
2025-10-20 22:00:00,23.4,94
2025-10-20 23:00:00,22.9,97
2025-10-21 00:00:00,23.5,98
2025-10-21 01:00:00,24.9,93
2025-10-21 02:00:00,27.2,84
2025-10-21 03:00:00,29.3,77
2025-10-21 04:00:00,31.0,69
2025-10-21 05:00:00,32.3,57
2025-10-21 06:00:00,32.6,55
2025-10-21 07:00:00,32.7,55
2025-10-21 08:00:00,32.4,55
2025-10-21 09:00:00,32.2,56
2025-10-21 10:00:00,31.3,61
2025-10-21 11:00:00,29.6,72
2025-10-21 12:00:00,28.4,71
2025-10-21 13:00:00,27.6,73
2025-10-21 14:00:00,27.3,75
2025-10-21 15:00:00,26.6,78
2025-10-21 16:00:00,25.9,81
2025-10-21 17:00:00,25.4,84
2025-10-21 18:00:00,25.2,87
2025-10-21 19:00:00,25.2,87
2025-10-21 20:00:00,24.7,90
2025-10-21 21:00:00,24.3,91
2025-10-21 22:00:00,23.9,91
2025-10-21 23:00:00,23.6,92
2025-10-22 00:00:00,24.0,97
2025-10-22 01:00:00,25.5,90
2025-10-22 02:00:00,27.9,80
2025-10-22 03:00:00,30.0,72
2025-10-22 04:00:00,31.6,64
2025-10-22 05:00:00,32.4,58
2025-10-22 06:00:00,32.6,58
2025-10-22 07:00:00,33.0,57
2025-10-22 08:00:00,33.0,57
2025-10-22 09:00:00,32.6,56
2025-10-22 10:00:00,32.0,60
2025-10-22 11:00:00,30.2,70
2025-10-22 12:00:00,29.1,78
2025-10-22 13:00:00,28.0,86
2025-10-22 14:00:00,27.4,91
2025-10-22 15:00:00,27.0,93
2025-10-22 16:00:00,26.3,96
2025-10-22 17:00:00,26.1,95
2025-10-22 18:00:00,26.0,97
2025-10-22 19:00:00,25.7,99
2025-10-22 20:00:00,25.1,100
2025-10-22 21:00:00,24.8,98
2025-10-22 22:00:00,24.3,94
2025-10-22 23:00:00,23.8,96
2025-10-23 00:00:00,24.8,96
2025-10-23 01:00:00,26.5,91
2025-10-23 02:00:00,28.3,83
2025-10-23 03:00:00,29.8,75
2025-10-23 04:00:00,31.0,69
2025-10-23 05:00:00,32.0,61
2025-10-23 06:00:00,32.5,57
2025-10-23 07:00:00,32.9,55
2025-10-23 08:00:00,32.9,55
2025-10-23 09:00:00,32.9,55
2025-10-23 10:00:00,31.6,61
2025-10-23 11:00:00,29.3,74
2025-10-23 12:00:00,27.6,77
2025-10-23 13:00:00,27.3,81
2025-10-23 14:00:00,26.6,85
2025-10-23 15:00:00,25.9,83
2025-10-23 16:00:00,25.3,88
2025-10-23 17:00:00,24.9,91
2025-10-23 18:00:00,24.5,96
2025-10-23 19:00:00,24.3,98
2025-10-23 20:00:00,23.9,100
2025-10-23 21:00:00,23.9,99
2025-10-23 22:00:00,23.8,99
2025-10-23 23:00:00,23.8,100
2025-10-24 00:00:00,24.5,97
2025-10-24 01:00:00,25.5,96
2025-10-24 02:00:00,27.7,87
2025-10-24 03:00:00,29.4,75
2025-10-24 04:00:00,30.4,69
2025-10-24 05:00:00,31.2,65
2025-10-24 06:00:00,31.2,66
2025-10-24 07:00:00,31.4,65
2025-10-24 08:00:00,31.6,62
2025-10-24 09:00:00,31.6,56
2025-10-24 10:00:00,31.4,55
2025-10-24 11:00:00,29.7,69
2025-10-24 12:00:00,28.5,73
2025-10-24 13:00:00,28.0,73
2025-10-24 14:00:00,26.9,79
2025-10-24 15:00:00,26.4,82
2025-10-24 16:00:00,25.9,87
2025-10-24 17:00:00,25.2,92
2025-10-24 18:00:00,24.6,94
2025-10-24 19:00:00,24.4,95
2025-10-24 20:00:00,24.0,96
2025-10-24 21:00:00,23.8,97
2025-10-24 22:00:00,23.4,99
2025-10-24 23:00:00,22.9,99
2025-10-25 00:00:00,23.5,99
2025-10-25 01:00:00,24.9,97
2025-10-25 02:00:00,27.5,86
2025-10-25 03:00:00,29.6,69
2025-10-25 04:00:00,31.0,56
2025-10-25 05:00:00,31.7,53
2025-10-25 06:00:00,32.0,51
2025-10-25 07:00:00,32.1,50
2025-10-25 08:00:00,32.0,51
2025-10-25 09:00:00,31.6,52
2025-10-25 10:00:00,31.0,56
2025-10-25 11:00:00,29.3,72
2025-10-25 12:00:00,27.9,73
2025-10-25 13:00:00,27.0,76
2025-10-25 14:00:00,26.6,78
2025-10-25 15:00:00,26.2,80
2025-10-25 16:00:00,25.7,83
2025-10-25 17:00:00,25.0,87
2025-10-25 18:00:00,24.7,91
2025-10-25 19:00:00,24.0,96
2025-10-25 20:00:00,23.8,98
2025-10-25 21:00:00,23.7,97
2025-10-25 22:00:00,23.8,96
2025-10-25 23:00:00,23.7,97
2025-10-26 00:00:00,23.6,97
2025-10-26 01:00:00,24.9,92
2025-10-26 02:00:00,27.6,82
2025-10-26 03:00:00,29.6,72
2025-10-26 04:00:00,30.7,63
2025-10-26 05:00:00,31.4,59
2025-10-26 06:00:00,31.8,56
2025-10-26 07:00:00,32.2,54
2025-10-26 08:00:00,32.1,55
2025-10-26 09:00:00,31.6,56
2025-10-26 10:00:00,30.9,59
2025-10-26 11:00:00,29.1,70
2025-10-26 12:00:00,28.0,70
2025-10-26 13:00:00,27.4,73
2025-10-26 14:00:00,26.8,78
2025-10-26 15:00:00,26.1,82
2025-10-26 16:00:00,25.7,87
2025-10-26 17:00:00,25.3,90
2025-10-26 18:00:00,24.7,93
2025-10-26 19:00:00,24.5,94
2025-10-26 20:00:00,24.3,92
2025-10-26 21:00:00,24.3,90
2025-10-26 22:00:00,24.3,86
2025-10-26 23:00:00,23.9,85
2025-10-27 00:00:00,23.8,85
2025-10-27 01:00:00,25.0,82
2025-10-27 02:00:00,27.5,76
2025-10-27 03:00:00,29.6,68
2025-10-27 04:00:00,31.1,61
2025-10-27 05:00:00,32.0,56
2025-10-27 06:00:00,32.5,52
2025-10-27 07:00:00,32.8,51
2025-10-27 08:00:00,32.7,51
2025-10-27 09:00:00,32.3,52
2025-10-27 10:00:00,31.5,57
2025-10-27 11:00:00,29.7,68
2025-10-27 12:00:00,28.4,71
2025-10-27 13:00:00,27.6,72
2025-10-27 14:00:00,27.2,74
2025-10-27 15:00:00,26.4,81
2025-10-27 16:00:00,26.0,85
2025-10-27 17:00:00,25.5,89
2025-10-27 18:00:00,25.5,91
2025-10-27 19:00:00,25.4,89
2025-10-27 20:00:00,24.9,90
2025-10-27 21:00:00,24.5,92
2025-10-27 22:00:00,24.2,94
2025-10-27 23:00:00,23.8,96
2025-10-28 00:00:00,24.4,97
2025-10-28 01:00:00,26.1,94
2025-10-28 02:00:00,28.3,85
2025-10-28 03:00:00,30.3,71
2025-10-28 04:00:00,31.5,61
2025-10-28 05:00:00,32.2,57
2025-10-28 06:00:00,32.2,57
2025-10-28 07:00:00,32.5,58
2025-10-28 08:00:00,32.5,57
2025-10-28 09:00:00,31.7,61
2025-10-28 10:00:00,29.5,71
2025-10-28 11:00:00,28.5,77
2025-10-28 12:00:00,26.6,87
2025-10-28 13:00:00,26.6,90
2025-10-28 14:00:00,26.7,90
2025-10-28 15:00:00,26.9,86
2025-10-28 16:00:00,26.6,87
2025-10-28 17:00:00,26.1,87
2025-10-28 18:00:00,26.4,87
2025-10-28 19:00:00,26.0,89
2025-10-28 20:00:00,25.5,92
2025-10-28 21:00:00,25.0,95
2025-10-28 22:00:00,24.7,96
2025-10-28 23:00:00,24.4,98
2025-10-29 00:00:00,24.3,100
2025-10-29 01:00:00,25.7,97
2025-10-29 02:00:00,28.2,85
2025-10-29 03:00:00,30.1,72
2025-10-29 04:00:00,31.1,62
2025-10-29 05:00:00,31.7,60
2025-10-29 06:00:00,31.7,62
2025-10-29 07:00:00,31.8,62
2025-10-29 08:00:00,31.5,61
2025-10-29 09:00:00,30.4,64
2025-10-29 10:00:00,26.9,84
2025-10-29 11:00:00,26.0,93
2025-10-29 12:00:00,27.2,93
2025-10-29 13:00:00,26.9,94
2025-10-29 14:00:00,26.6,94
2025-10-29 15:00:00,25.9,97
2025-10-29 16:00:00,24.8,94
2025-10-29 17:00:00,24.7,97
2025-10-29 18:00:00,24.6,96
2025-10-29 19:00:00,24.5,99
2025-10-29 20:00:00,24.5,98
2025-10-29 21:00:00,24.2,99
2025-10-29 22:00:00,23.9,100
2025-10-29 23:00:00,24.0,100
2025-10-30 00:00:00,24.2,98
2025-10-30 01:00:00,25.0,96
2025-10-30 02:00:00,26.3,88
2025-10-30 03:00:00,27.8,81
2025-10-30 04:00:00,29.6,75
2025-10-30 05:00:00,30.7,70
2025-10-30 06:00:00,30.7,69
2025-10-30 07:00:00,31.3,67
2025-10-30 08:00:00,31.3,66
2025-10-30 09:00:00,31.1,67
2025-10-30 10:00:00,29.4,74
2025-10-30 11:00:00,27.2,85
2025-10-30 12:00:00,25.9,98
2025-10-30 13:00:00,25.7,99
2025-10-30 14:00:00,25.5,98
2025-10-30 15:00:00,25.1,99
2025-10-30 16:00:00,24.7,100
2025-10-30 17:00:00,24.5,100
2025-10-30 18:00:00,25.3,100
2025-10-30 19:00:00,24.9,100
2025-10-30 20:00:00,24.6,100
2025-10-30 21:00:00,24.5,100
2025-10-30 22:00:00,24.2,100
2025-10-30 23:00:00,24.1,100
2025-10-31 00:00:00,24.5,100
2025-10-31 01:00:00,25.4,99
2025-10-31 02:00:00,27.1,92
2025-10-31 03:00:00,28.9,78
2025-10-31 04:00:00,30.3,69
2025-10-31 05:00:00,31.3,64
2025-10-31 06:00:00,31.5,64
2025-10-31 07:00:00,31.9,61
2025-10-31 08:00:00,31.8,60
2025-10-31 09:00:00,31.5,61
2025-10-31 10:00:00,31.1,61
2025-10-31 11:00:00,29.5,73
2025-10-31 12:00:00,28.1,78
2025-10-31 13:00:00,28.0,79
2025-10-31 14:00:00,27.6,82
2025-10-31 15:00:00,26.8,86
2025-10-31 16:00:00,26.4,89
2025-10-31 17:00:00,25.9,92
2025-10-31 18:00:00,26.2,90
2025-10-31 19:00:00,26.1,91
2025-10-31 20:00:00,25.6,94
2025-10-31 21:00:00,25.5,94
2025-10-31 22:00:00,25.4,95
2025-10-31 23:00:00,25.3,96
2025-11-01 00:00:00,25.7,93
2025-11-01 01:00:00,26.2,91
2025-11-01 02:00:00,27.0,88
2025-11-01 03:00:00,28.3,82
2025-11-01 04:00:00,29.1,76
2025-11-01 05:00:00,30.9,62
2025-11-01 06:00:00,30.8,62
2025-11-01 07:00:00,29.9,64
2025-11-01 08:00:00,30.2,64
2025-11-01 09:00:00,30.8,62
2025-11-01 10:00:00,30.5,63
2025-11-01 11:00:00,28.1,74
2025-11-01 12:00:00,26.7,88
2025-11-01 13:00:00,25.8,94
2025-11-01 14:00:00,24.3,98
2025-11-01 15:00:00,24.3,96
2025-11-01 16:00:00,24.3,97
2025-11-01 17:00:00,24.2,99
2025-11-01 18:00:00,24.5,100
2025-11-01 19:00:00,24.3,100
2025-11-01 20:00:00,24.5,99
2025-11-01 21:00:00,24.4,98
2025-11-01 22:00:00,24.0,99
2025-11-01 23:00:00,24.1,100
2025-11-02 00:00:00,23.7,99
2025-11-02 01:00:00,24.3,97
2025-11-02 02:00:00,25.5,91
2025-11-02 03:00:00,26.9,87
2025-11-02 04:00:00,28.1,81
2025-11-02 05:00:00,29.2,75
2025-11-02 06:00:00,29.2,71
2025-11-02 07:00:00,28.8,71
2025-11-02 08:00:00,28.9,72
2025-11-02 09:00:00,29.1,69
2025-11-02 10:00:00,29.1,66
2025-11-02 11:00:00,27.8,72
2025-11-02 12:00:00,26.5,81
2025-11-02 13:00:00,25.8,86
2025-11-02 14:00:00,25.1,91
2025-11-02 15:00:00,24.5,94
2025-11-02 16:00:00,24.2,95
2025-11-02 17:00:00,24.0,96
2025-11-02 18:00:00,24.0,95
2025-11-02 19:00:00,23.8,95
2025-11-02 20:00:00,23.4,97
2025-11-02 21:00:00,23.1,98
2025-11-02 22:00:00,22.8,98
2025-11-02 23:00:00,22.5,99
2025-11-03 00:00:00,22.8,100
2025-11-03 01:00:00,23.6,96
2025-11-03 02:00:00,24.8,88
2025-11-03 03:00:00,26.6,79
2025-11-03 04:00:00,27.6,73
2025-11-03 05:00:00,28.4,69
2025-11-03 06:00:00,28.8,67
2025-11-03 07:00:00,29.5,63
2025-11-03 08:00:00,29.5,62
2025-11-03 09:00:00,29.2,63
2025-11-03 10:00:00,28.5,66
2025-11-03 11:00:00,27.0,73
2025-11-03 12:00:00,26.0,79
2025-11-03 13:00:00,25.4,80
2025-11-03 14:00:00,24.8,81
2025-11-03 15:00:00,24.1,83
2025-11-03 16:00:00,23.5,85
2025-11-03 17:00:00,22.9,87
2025-11-03 18:00:00,22.9,90
2025-11-03 19:00:00,22.5,91
2025-11-03 20:00:00,22.4,91
2025-11-03 21:00:00,22.2,90
2025-11-03 22:00:00,21.8,92
2025-11-03 23:00:00,21.4,94
2025-11-04 00:00:00,22.0,94
2025-11-04 01:00:00,23.2,90
2025-11-04 02:00:00,25.2,83
2025-11-04 03:00:00,27.1,78
2025-11-04 04:00:00,28.7,70
2025-11-04 05:00:00,29.9,65
2025-11-04 06:00:00,30.2,63
2025-11-04 07:00:00,30.7,62
2025-11-04 08:00:00,30.6,64
2025-11-04 09:00:00,30.3,64
2025-11-04 10:00:00,29.9,65
2025-11-04 11:00:00,28.2,75
2025-11-04 12:00:00,26.1,82
2025-11-04 13:00:00,26.1,82
2025-11-04 14:00:00,25.7,85
2025-11-04 15:00:00,25.8,85
2025-11-04 16:00:00,25.6,87
2025-11-04 17:00:00,25.4,87
2025-11-04 18:00:00,25.8,87
2025-11-04 19:00:00,25.4,89
2025-11-04 20:00:00,25.3,90
2025-11-04 21:00:00,25.2,91
2025-11-04 22:00:00,25.0,93
2025-11-04 23:00:00,24.8,94
2025-11-05 00:00:00,25.1,92
2025-11-05 01:00:00,25.6,91
2025-11-05 02:00:00,26.7,87
2025-11-05 03:00:00,28.1,82
2025-11-05 04:00:00,28.9,77
2025-11-05 05:00:00,29.8,74
2025-11-05 06:00:00,29.9,69
2025-11-05 07:00:00,28.9,72
2025-11-05 08:00:00,26.6,83
2025-11-05 09:00:00,28.2,76
2025-11-05 10:00:00,27.5,76
2025-11-05 11:00:00,26.7,83
2025-11-05 12:00:00,24.9,95
2025-11-05 13:00:00,25.0,97
2025-11-05 14:00:00,24.9,97
2025-11-05 15:00:00,24.5,97
2025-11-05 16:00:00,24.3,96
2025-11-05 17:00:00,24.1,96
2025-11-05 18:00:00,24.4,97
2025-11-05 19:00:00,24.3,97
2025-11-05 20:00:00,24.1,98
2025-11-05 21:00:00,23.2,99
2025-11-05 22:00:00,23.5,99
2025-11-05 23:00:00,23.0,99
2025-11-06 00:00:00,23.6,98
2025-11-06 01:00:00,23.0,98
2025-11-06 02:00:00,23.8,90
2025-11-06 03:00:00,26.0,85
2025-11-06 04:00:00,27.4,79
2025-11-06 05:00:00,28.9,72
2025-11-06 06:00:00,29.5,68
2025-11-06 07:00:00,30.1,65
2025-11-06 08:00:00,30.4,64
2025-11-06 09:00:00,30.3,64
2025-11-06 10:00:00,29.9,64
2025-11-06 11:00:00,28.6,76
2025-11-06 12:00:00,27.6,81
2025-11-06 13:00:00,25.7,87
2025-11-06 14:00:00,25.8,87
2025-11-06 15:00:00,25.0,93
2025-11-06 16:00:00,24.4,93
2025-11-06 17:00:00,23.9,94
2025-11-06 18:00:00,23.6,99
2025-11-06 19:00:00,23.4,99
2025-11-06 20:00:00,23.2,98
2025-11-06 21:00:00,22.8,99
2025-11-06 22:00:00,22.6,99
2025-11-06 23:00:00,22.1,100
2025-11-07 00:00:00,23.5,100
2025-11-07 01:00:00,23.8,98
2025-11-07 02:00:00,25.4,94
2025-11-07 03:00:00,27.1,84
2025-11-07 04:00:00,28.4,75
2025-11-07 05:00:00,29.6,68
2025-11-07 06:00:00,30.3,64
2025-11-07 07:00:00,30.7,59
2025-11-07 08:00:00,30.6,57
2025-11-07 09:00:00,30.4,57
2025-11-07 10:00:00,29.5,63
2025-11-07 11:00:00,27.7,71
2025-11-07 12:00:00,26.6,76
2025-11-07 13:00:00,25.9,79
2025-11-07 14:00:00,25.3,81
2025-11-07 15:00:00,24.7,84
2025-11-07 16:00:00,24.4,84
2025-11-07 17:00:00,24.1,84
2025-11-07 18:00:00,24.0,86
2025-11-07 19:00:00,23.8,87
2025-11-07 20:00:00,23.5,87
2025-11-07 21:00:00,23.2,87
2025-11-07 22:00:00,22.8,89
2025-11-07 23:00:00,22.2,92
2025-11-08 00:00:00,22.4,92
2025-11-08 01:00:00,23.2,88
2025-11-08 02:00:00,25.0,81
2025-11-08 03:00:00,26.8,73
2025-11-08 04:00:00,28.4,66
2025-11-08 05:00:00,29.6,62
2025-11-08 06:00:00,30.2,57
2025-11-08 07:00:00,30.8,50
2025-11-08 08:00:00,30.7,50
2025-11-08 09:00:00,30.2,52
2025-11-08 10:00:00,29.2,58
2025-11-08 11:00:00,27.2,68
2025-11-08 12:00:00,26.2,75
2025-11-08 13:00:00,25.5,76
2025-11-08 14:00:00,24.7,77
2025-11-08 15:00:00,23.9,79
2025-11-08 16:00:00,23.3,80
2025-11-08 17:00:00,22.7,82
2025-11-08 18:00:00,22.4,86
2025-11-08 19:00:00,22.1,87
2025-11-08 20:00:00,21.5,90
2025-11-08 21:00:00,21.1,92
2025-11-08 22:00:00,20.8,93
2025-11-08 23:00:00,20.5,94
2025-11-09 00:00:00,20.7,92
2025-11-09 01:00:00,21.4,89
2025-11-09 02:00:00,23.4,81
2025-11-09 03:00:00,25.4,74
2025-11-09 04:00:00,27.2,69
2025-11-09 05:00:00,28.5,64
2025-11-09 06:00:00,29.2,55
2025-11-09 07:00:00,29.6,52
2025-11-09 08:00:00,29.6,52
2025-11-09 09:00:00,29.2,53
2025-11-09 10:00:00,28.4,56
2025-11-09 11:00:00,26.4,68
2025-11-09 12:00:00,25.0,76
2025-11-09 13:00:00,24.2,81
2025-11-09 14:00:00,23.7,82
2025-11-09 15:00:00,23.8,82
2025-11-09 16:00:00,23.5,83
2025-11-09 17:00:00,22.7,87
2025-11-09 18:00:00,23.9,85
2025-11-09 19:00:00,23.9,84
2025-11-09 20:00:00,23.4,86
2025-11-09 21:00:00,22.3,91
2025-11-09 22:00:00,22.7,88
2025-11-09 23:00:00,22.2,90
2025-11-10 00:00:00,21.9,94
2025-11-10 01:00:00,22.5,92
2025-11-10 02:00:00,24.2,83
2025-11-10 03:00:00,26.0,76
2025-11-10 04:00:00,27.6,69
2025-11-10 05:00:00,28.8,59
2025-11-10 06:00:00,29.1,54
2025-11-10 07:00:00,29.5,51
2025-11-10 08:00:00,29.5,49
2025-11-10 09:00:00,29.1,50
2025-11-10 10:00:00,28.4,54
2025-11-10 11:00:00,26.0,67
2025-11-10 12:00:00,25.1,73
2025-11-10 13:00:00,24.4,77
2025-11-10 14:00:00,23.6,80
2025-11-10 15:00:00,23.1,81
2025-11-10 16:00:00,22.6,83
2025-11-10 17:00:00,22.1,85
2025-11-10 18:00:00,21.8,87
2025-11-10 19:00:00,21.3,87
2025-11-10 20:00:00,20.8,87
2025-11-10 21:00:00,20.3,87
2025-11-10 22:00:00,19.9,89
2025-11-10 23:00:00,19.5,90
2025-11-11 00:00:00,20.0,87
2025-11-11 01:00:00,20.8,84
2025-11-11 02:00:00,22.9,76
2025-11-11 03:00:00,25.0,67
2025-11-11 04:00:00,26.8,59
2025-11-11 05:00:00,27.8,55
2025-11-11 06:00:00,28.5,53
2025-11-11 07:00:00,28.8,51
2025-11-11 08:00:00,28.7,50
2025-11-11 09:00:00,28.3,49
2025-11-11 10:00:00,27.4,53
2025-11-11 11:00:00,24.9,66
2025-11-11 12:00:00,23.6,71
2025-11-11 13:00:00,22.9,71
2025-11-11 14:00:00,22.1,72
2025-11-11 15:00:00,21.3,74
2025-11-11 16:00:00,20.7,76
2025-11-11 17:00:00,20.0,79
2025-11-11 18:00:00,19.9,82
2025-11-11 19:00:00,19.5,83
2025-11-11 20:00:00,19.0,86
2025-11-11 21:00:00,18.5,89
2025-11-11 22:00:00,18.0,92
2025-11-11 23:00:00,17.5,94
2025-11-12 00:00:00,17.7,93
2025-11-12 01:00:00,18.6,88
2025-11-12 02:00:00,21.4,77
2025-11-12 03:00:00,24.1,66
2025-11-12 04:00:00,26.2,52
2025-11-12 05:00:00,27.1,48
2025-11-12 06:00:00,27.7,48
2025-11-12 07:00:00,28.1,48
2025-11-12 08:00:00,28.1,47
2025-11-12 09:00:00,27.8,46
2025-11-12 10:00:00,26.8,51
2025-11-12 11:00:00,24.0,62
2025-11-12 12:00:00,22.6,68
2025-11-12 13:00:00,21.7,75
2025-11-12 14:00:00,21.0,79
2025-11-12 15:00:00,20.5,81
2025-11-12 16:00:00,19.9,83
2025-11-12 17:00:00,19.3,84
2025-11-12 18:00:00,19.1,87
2025-11-12 19:00:00,18.8,87
2025-11-12 20:00:00,18.5,88
2025-11-12 21:00:00,18.0,90
2025-11-12 22:00:00,17.5,93
2025-11-12 23:00:00,17.1,95
2025-11-13 00:00:00,17.7,94
2025-11-13 01:00:00,18.6,89
2025-11-13 02:00:00,21.3,78
2025-11-13 03:00:00,24.0,67
2025-11-13 04:00:00,26.1,58
2025-11-13 05:00:00,27.2,54
2025-11-13 06:00:00,27.7,52
2025-11-13 07:00:00,28.2,51
2025-11-13 08:00:00,28.2,49
2025-11-13 09:00:00,27.9,47
2025-11-13 10:00:00,27.1,52
2025-11-13 11:00:00,24.4,64
2025-11-13 12:00:00,23.3,67
2025-11-13 13:00:00,22.4,73
2025-11-13 14:00:00,21.6,76
2025-11-13 15:00:00,21.1,74
2025-11-13 16:00:00,20.4,78
2025-11-13 17:00:00,19.4,84
2025-11-13 18:00:00,18.9,89
2025-11-13 19:00:00,18.6,89
2025-11-13 20:00:00,18.3,90
2025-11-13 21:00:00,17.9,92
2025-11-13 22:00:00,17.5,95
2025-11-13 23:00:00,17.3,95
2025-11-14 00:00:00,17.7,97
2025-11-14 01:00:00,18.4,94
2025-11-14 02:00:00,21.3,82
2025-11-14 03:00:00,24.1,69
2025-11-14 04:00:00,26.1,55
2025-11-14 05:00:00,27.0,49
2025-11-14 06:00:00,27.3,47
2025-11-14 07:00:00,27.7,47
2025-11-14 08:00:00,27.8,45
2025-11-14 09:00:00,27.6,42
2025-11-14 10:00:00,26.8,49
2025-11-14 11:00:00,24.1,63
2025-11-14 12:00:00,23.0,70
2025-11-14 13:00:00,22.3,74
2025-11-14 14:00:00,21.3,79
2025-11-14 15:00:00,20.1,84
2025-11-14 16:00:00,19.1,85
2025-11-14 17:00:00,18.7,85
2025-11-14 18:00:00,18.6,89
2025-11-14 19:00:00,18.3,91
2025-11-14 20:00:00,18.1,90
2025-11-14 21:00:00,17.8,88
2025-11-14 22:00:00,17.6,90
2025-11-14 23:00:00,17.2,93
2025-11-15 00:00:00,17.2,96
2025-11-15 01:00:00,17.9,95
2025-11-15 02:00:00,20.9,84
2025-11-15 03:00:00,23.8,74
2025-11-15 04:00:00,26.0,63
2025-11-15 05:00:00,27.2,51
2025-11-15 06:00:00,27.5,49
2025-11-15 07:00:00,27.9,49
2025-11-15 08:00:00,27.8,48
2025-11-15 09:00:00,27.6,49
2025-11-15 10:00:00,26.6,55
2025-11-15 11:00:00,23.9,68
2025-11-15 12:00:00,22.6,71
2025-11-15 13:00:00,21.9,74
2025-11-15 14:00:00,21.0,79
2025-11-15 15:00:00,20.3,80
2025-11-15 16:00:00,19.9,80
2025-11-15 17:00:00,18.9,85
2025-11-15 18:00:00,18.9,86
2025-11-15 19:00:00,18.0,91
2025-11-15 20:00:00,17.6,93
2025-11-15 21:00:00,17.4,94
2025-11-15 22:00:00,17.4,96
2025-11-15 23:00:00,17.2,96
2025-11-16 00:00:00,17.3,99
2025-11-16 01:00:00,17.9,99
2025-11-16 02:00:00,20.8,88
2025-11-16 03:00:00,23.6,76
2025-11-16 04:00:00,25.7,66
2025-11-16 05:00:00,27.2,53
2025-11-16 06:00:00,27.6,48
2025-11-16 07:00:00,28.0,46
2025-11-16 08:00:00,28.0,47
2025-11-16 09:00:00,27.6,49
2025-11-16 10:00:00,26.7,54
2025-11-16 11:00:00,24.1,65
2025-11-16 12:00:00,23.0,70
2025-11-16 13:00:00,22.2,73
2025-11-16 14:00:00,21.3,77
2025-11-16 15:00:00,20.4,82
2025-11-16 16:00:00,19.8,86
2025-11-16 17:00:00,19.2,87
2025-11-16 18:00:00,19.0,89
2025-11-16 19:00:00,18.2,92
2025-11-16 20:00:00,17.9,93
2025-11-16 21:00:00,17.6,94
2025-11-16 22:00:00,17.2,94
2025-11-16 23:00:00,16.9,95
2025-11-17 00:00:00,17.2,95
2025-11-17 01:00:00,17.8,93
2025-11-17 02:00:00,21.0,81
2025-11-17 03:00:00,24.1,70
2025-11-17 04:00:00,26.3,59
2025-11-17 05:00:00,27.5,52
2025-11-17 06:00:00,28.4,48
2025-11-17 07:00:00,28.8,47
2025-11-17 08:00:00,28.9,46
2025-11-17 09:00:00,28.8,45
2025-11-17 10:00:00,28.0,54
2025-11-17 11:00:00,25.6,63
2025-11-17 12:00:00,23.9,70
2025-11-17 13:00:00,22.3,79
2025-11-17 14:00:00,21.6,83
2025-11-17 15:00:00,21.2,83
2025-11-17 16:00:00,20.5,86
2025-11-17 17:00:00,19.7,90
2025-11-17 18:00:00,19.5,91
2025-11-17 19:00:00,19.0,93
2025-11-17 20:00:00,18.6,94
2025-11-17 21:00:00,18.3,94
2025-11-17 22:00:00,18.0,94
2025-11-17 23:00:00,17.6,95
2025-11-18 00:00:00,18.1,96
2025-11-18 01:00:00,18.8,94
2025-11-18 02:00:00,21.8,83
2025-11-18 03:00:00,24.7,72
2025-11-18 04:00:00,26.9,62
2025-11-18 05:00:00,28.4,54
2025-11-18 06:00:00,29.2,46
2025-11-18 07:00:00,29.6,44
2025-11-18 08:00:00,29.6,43
2025-11-18 09:00:00,29.1,44
2025-11-18 10:00:00,27.9,54
2025-11-18 11:00:00,25.0,61
2025-11-18 12:00:00,23.7,64
2025-11-18 13:00:00,23.4,68
2025-11-18 14:00:00,22.4,72
2025-11-18 15:00:00,21.4,76
2025-11-18 16:00:00,20.6,78
2025-11-18 17:00:00,19.5,83
2025-11-18 18:00:00,19.0,87
2025-11-18 19:00:00,18.5,89
2025-11-18 20:00:00,18.4,91
2025-11-18 21:00:00,18.2,90
2025-11-18 22:00:00,17.9,90
2025-11-18 23:00:00,17.5,91
2025-11-19 00:00:00,17.3,92
2025-11-19 01:00:00,18.4,88
2025-11-19 02:00:00,21.7,76
2025-11-19 03:00:00,24.8,67
2025-11-19 04:00:00,27.0,54
2025-11-19 05:00:00,28.1,47
2025-11-19 06:00:00,28.6,46
2025-11-19 07:00:00,29.0,46
2025-11-19 08:00:00,29.0,46
2025-11-19 09:00:00,28.7,47
2025-11-19 10:00:00,27.5,54
2025-11-19 11:00:00,25.0,59
2025-11-19 12:00:00,23.4,66
2025-11-19 13:00:00,23.0,66
2025-11-19 14:00:00,21.9,71
2025-11-19 15:00:00,21.1,76
2025-11-19 16:00:00,20.4,81
2025-11-19 17:00:00,19.6,87
2025-11-19 18:00:00,19.8,85
2025-11-19 19:00:00,19.4,84
2025-11-19 20:00:00,19.2,84
2025-11-19 21:00:00,18.8,86
2025-11-19 22:00:00,18.7,86
2025-11-19 23:00:00,18.5,87
2025-11-20 00:00:00,18.2,90
2025-11-20 01:00:00,18.6,87
2025-11-20 02:00:00,21.2,77
2025-11-20 03:00:00,24.1,65
2025-11-20 04:00:00,26.5,56
2025-11-20 05:00:00,27.7,47
2025-11-20 06:00:00,28.3,45
2025-11-20 07:00:00,28.8,43
2025-11-20 08:00:00,29.0,42
2025-11-20 09:00:00,29.0,40
2025-11-20 10:00:00,28.0,50
2025-11-20 11:00:00,25.0,59
2025-11-20 12:00:00,23.1,67
2025-11-20 13:00:00,22.2,71
2025-11-20 14:00:00,21.3,75
2025-11-20 15:00:00,20.7,79
2025-11-20 16:00:00,20.2,82
2025-11-20 17:00:00,19.1,88
2025-11-20 18:00:00,19.0,87
2025-11-20 19:00:00,18.2,90
2025-11-20 20:00:00,18.0,90
2025-11-20 21:00:00,17.6,92
2025-11-20 22:00:00,16.9,97
2025-11-20 23:00:00,16.3,99
2025-11-21 00:00:00,16.6,99
2025-11-21 01:00:00,17.6,98
2025-11-21 02:00:00,21.3,81
2025-11-21 03:00:00,24.8,66
2025-11-21 04:00:00,26.6,52
2025-11-21 05:00:00,27.3,48
2025-11-21 06:00:00,27.5,46
2025-11-21 07:00:00,28.0,44
2025-11-21 08:00:00,27.9,44
2025-11-21 09:00:00,27.5,43
2025-11-21 10:00:00,26.4,51
2025-11-21 11:00:00,23.6,59
2025-11-21 12:00:00,22.2,58
2025-11-21 13:00:00,21.3,60
2025-11-21 14:00:00,20.6,65
2025-11-21 15:00:00,20.4,70
2025-11-21 16:00:00,19.9,75
2025-11-21 17:00:00,19.7,77
2025-11-21 18:00:00,19.0,84
2025-11-21 19:00:00,18.7,85
2025-11-21 20:00:00,18.4,87
2025-11-21 21:00:00,17.9,89
2025-11-21 22:00:00,17.7,89
2025-11-21 23:00:00,17.5,92
2025-11-22 00:00:00,18.4,95
2025-11-22 01:00:00,18.7,95
2025-11-22 02:00:00,20.9,86
2025-11-22 03:00:00,23.6,74
2025-11-22 04:00:00,25.6,65
2025-11-22 05:00:00,27.1,55
2025-11-22 06:00:00,27.6,50
2025-11-22 07:00:00,28.2,47
2025-11-22 08:00:00,28.0,47
2025-11-22 09:00:00,27.6,48
2025-11-22 10:00:00,26.7,54
2025-11-22 11:00:00,23.9,67
2025-11-22 12:00:00,22.5,73
2025-11-22 13:00:00,21.3,77
2025-11-22 14:00:00,20.6,80
2025-11-22 15:00:00,19.8,86
2025-11-22 16:00:00,19.2,89
2025-11-22 17:00:00,18.8,91
2025-11-22 18:00:00,18.3,95
2025-11-22 19:00:00,17.9,95
2025-11-22 20:00:00,17.7,96
2025-11-22 21:00:00,17.6,97
2025-11-22 22:00:00,17.1,98
2025-11-22 23:00:00,17.0,96
2025-11-23 00:00:00,16.9,99
2025-11-23 01:00:00,18.0,95
2025-11-23 02:00:00,20.9,84
2025-11-23 03:00:00,23.7,71
2025-11-23 04:00:00,25.6,60
2025-11-23 05:00:00,26.7,52
2025-11-23 06:00:00,27.1,51
2025-11-23 07:00:00,27.5,48
2025-11-23 08:00:00,27.4,48
2025-11-23 09:00:00,27.1,47
2025-11-23 10:00:00,26.3,52
2025-11-23 11:00:00,23.3,65
2025-11-23 12:00:00,22.1,72
2025-11-23 13:00:00,20.9,77
2025-11-23 14:00:00,20.4,76
2025-11-23 15:00:00,19.9,72
2025-11-23 16:00:00,19.1,75
2025-11-23 17:00:00,18.2,81
2025-11-23 18:00:00,17.7,89
2025-11-23 19:00:00,17.2,92
2025-11-23 20:00:00,16.8,94
2025-11-23 21:00:00,16.4,95
2025-11-23 22:00:00,15.9,97
2025-11-23 23:00:00,15.8,99
2025-11-24 00:00:00,16.2,100
2025-11-24 01:00:00,16.6,99
2025-11-24 02:00:00,19.5,88
2025-11-24 03:00:00,22.6,76
2025-11-24 04:00:00,24.8,61
2025-11-24 05:00:00,25.8,53
2025-11-24 06:00:00,26.6,49
2025-11-24 07:00:00,27.1,46
2025-11-24 08:00:00,27.2,43
2025-11-24 09:00:00,26.8,43
2025-11-24 10:00:00,25.6,51
2025-11-24 11:00:00,22.6,62
2025-11-24 12:00:00,21.2,70
2025-11-24 13:00:00,20.4,75
2025-11-24 14:00:00,19.5,81
2025-11-24 15:00:00,19.0,84
2025-11-24 16:00:00,18.4,87
2025-11-24 17:00:00,18.0,88
2025-11-24 18:00:00,17.9,91
2025-11-24 19:00:00,17.5,94
2025-11-24 20:00:00,17.3,95
2025-11-24 21:00:00,17.1,97
2025-11-24 22:00:00,17.0,98
2025-11-24 23:00:00,16.9,99
2025-11-25 00:00:00,17.1,100
2025-11-25 01:00:00,17.4,100
2025-11-25 02:00:00,18.4,98
2025-11-25 03:00:00,20.6,88
2025-11-25 04:00:00,23.0,79
2025-11-25 05:00:00,25.0,67
2025-11-25 06:00:00,26.3,55
2025-11-25 07:00:00,26.8,51
2025-11-25 08:00:00,26.9,48
2025-11-25 09:00:00,26.7,45
2025-11-25 10:00:00,25.7,52
2025-11-25 11:00:00,22.7,59
2025-11-25 12:00:00,21.8,63
2025-11-25 13:00:00,20.9,69
2025-11-25 14:00:00,20.0,76
2025-11-25 15:00:00,19.3,81
2025-11-25 16:00:00,18.8,85
2025-11-25 17:00:00,18.2,88
2025-11-25 18:00:00,18.4,90
2025-11-25 19:00:00,18.1,91
2025-11-25 20:00:00,17.8,93
2025-11-25 21:00:00,17.3,95
2025-11-25 22:00:00,17.0,96
2025-11-25 23:00:00,16.8,97
2025-11-26 00:00:00,16.7,99
2025-11-26 01:00:00,17.0,100
2025-11-26 02:00:00,19.4,91
2025-11-26 03:00:00,22.1,81
2025-11-26 04:00:00,24.3,69
2025-11-26 05:00:00,25.9,59
2025-11-26 06:00:00,26.5,52
2025-11-26 07:00:00,27.1,48
2025-11-26 08:00:00,27.2,47
2025-11-26 09:00:00,27.0,46
2025-11-26 10:00:00,26.0,55
2025-11-26 11:00:00,22.8,67
2025-11-26 12:00:00,21.0,73
2025-11-26 13:00:00,20.4,76
2025-11-26 14:00:00,19.7,78
2025-11-26 15:00:00,19.0,81
2025-11-26 16:00:00,18.6,84
2025-11-26 17:00:00,18.2,86
2025-11-26 18:00:00,18.2,86
2025-11-26 19:00:00,17.6,91
2025-11-26 20:00:00,16.8,94
2025-11-26 21:00:00,16.4,96
2025-11-26 22:00:00,16.2,97
2025-11-26 23:00:00,15.8,98
2025-11-27 00:00:00,16.5,98
2025-11-27 01:00:00,16.9,96
2025-11-27 02:00:00,19.9,86
2025-11-27 03:00:00,22.7,76
2025-11-27 04:00:00,25.0,64
2025-11-27 05:00:00,26.6,55
2025-11-27 06:00:00,27.3,51
2025-11-27 07:00:00,27.9,48
2025-11-27 08:00:00,28.1,45
2025-11-27 09:00:00,27.9,44
2025-11-27 10:00:00,26.7,57
2025-11-27 11:00:00,23.2,66
2025-11-27 12:00:00,21.5,76
2025-11-27 13:00:00,20.4,82
2025-11-27 14:00:00,19.6,86
2025-11-27 15:00:00,18.9,88
2025-11-27 16:00:00,18.4,89
2025-11-27 17:00:00,17.7,91
2025-11-27 18:00:00,17.2,94
2025-11-27 19:00:00,16.2,97
2025-11-27 20:00:00,15.7,99
2025-11-27 21:00:00,15.1,100
2025-11-27 22:00:00,15.0,100
2025-11-27 23:00:00,14.8,100
2025-11-28 00:00:00,14.9,100
2025-11-28 01:00:00,15.6,100
2025-11-28 02:00:00,18.8,93
2025-11-28 03:00:00,22.6,77
2025-11-28 04:00:00,25.1,65
2025-11-28 05:00:00,26.6,54
2025-11-28 06:00:00,27.4,47
2025-11-28 07:00:00,28.1,43
2025-11-28 08:00:00,28.3,42
2025-11-28 09:00:00,28.1,43
2025-11-28 10:00:00,26.8,52
2025-11-28 11:00:00,23.4,62
2025-11-28 12:00:00,21.8,70
2025-11-28 13:00:00,21.1,72
2025-11-28 14:00:00,20.2,76
2025-11-28 15:00:00,19.6,79
2025-11-28 16:00:00,19.1,80
2025-11-28 17:00:00,18.5,79
2025-11-28 18:00:00,17.9,83
2025-11-28 19:00:00,16.7,88
2025-11-28 20:00:00,16.0,92
2025-11-28 21:00:00,15.8,92
2025-11-28 22:00:00,15.5,93
2025-11-28 23:00:00,15.4,93
2025-11-29 00:00:00,15.1,97
2025-11-29 01:00:00,15.6,97
2025-11-29 02:00:00,18.7,85
2025-11-29 03:00:00,22.1,70
2025-11-29 04:00:00,24.3,60
2025-11-29 05:00:00,25.6,54
2025-11-29 06:00:00,26.7,45
2025-11-29 07:00:00,27.3,41
2025-11-29 08:00:00,27.3,39
2025-11-29 09:00:00,26.9,38
2025-11-29 10:00:00,25.4,45
2025-11-29 11:00:00,22.5,51
2025-11-29 12:00:00,21.6,55
2025-11-29 13:00:00,20.4,60
2025-11-29 14:00:00,19.4,69
2025-11-29 15:00:00,18.9,73
2025-11-29 16:00:00,18.5,76
2025-11-29 17:00:00,18.0,79
2025-11-29 18:00:00,17.3,84
2025-11-29 19:00:00,16.8,87
2025-11-29 20:00:00,16.3,89
2025-11-29 21:00:00,15.7,91
2025-11-29 22:00:00,15.3,93
2025-11-29 23:00:00,15.0,93
2025-11-30 00:00:00,15.6,93
2025-11-30 01:00:00,15.9,93
2025-11-30 02:00:00,18.9,81
2025-11-30 03:00:00,22.2,71
2025-11-30 04:00:00,24.7,60
2025-11-30 05:00:00,26.0,54
2025-11-30 06:00:00,26.8,51
2025-11-30 07:00:00,27.0,49
2025-11-30 08:00:00,27.0,48
2025-11-30 09:00:00,26.7,48
2025-11-30 10:00:00,25.6,55
2025-11-30 11:00:00,22.9,64
2025-11-30 12:00:00,22.3,66
2025-11-30 13:00:00,22.0,66
2025-11-30 14:00:00,21.3,69
2025-11-30 15:00:00,20.2,76
2025-11-30 16:00:00,19.3,84
2025-11-30 17:00:00,18.6,88
2025-11-30 18:00:00,18.1,91
2025-11-30 19:00:00,17.5,93
2025-11-30 20:00:00,17.1,94
2025-11-30 21:00:00,16.7,94
2025-11-30 22:00:00,16.1,94
2025-11-30 23:00:00,16.1,95
2025-12-01 00:00:00,15.9,96
2025-12-01 01:00:00,16.2,96
2025-12-01 02:00:00,19.2,84
2025-12-01 03:00:00,22.3,73
2025-12-01 04:00:00,24.6,62
2025-12-01 05:00:00,25.9,55
2025-12-01 06:00:00,26.6,52
2025-12-01 07:00:00,26.8,50
2025-12-01 08:00:00,26.8,49
2025-12-01 09:00:00,26.3,49
2025-12-01 10:00:00,25.2,57
2025-12-01 11:00:00,22.8,66
2025-12-01 12:00:00,22.4,65
2025-12-01 13:00:00,21.9,68
2025-12-01 14:00:00,21.3,71
2025-12-01 15:00:00,21.0,74
2025-12-01 16:00:00,20.5,77
2025-12-01 17:00:00,18.8,86
2025-12-01 18:00:00,20.1,79
2025-12-01 19:00:00,20.1,78
2025-12-01 20:00:00,18.7,83
2025-12-01 21:00:00,18.8,81
2025-12-01 22:00:00,19.0,79
2025-12-01 23:00:00,17.4,87
2025-12-02 00:00:00,16.7,90
2025-12-02 01:00:00,17.2,88
2025-12-02 02:00:00,19.4,79
2025-12-02 03:00:00,21.7,70
2025-12-02 04:00:00,23.9,59
2025-12-02 05:00:00,25.2,52
2025-12-02 06:00:00,25.6,51
2025-12-02 07:00:00,26.1,49
2025-12-02 08:00:00,26.1,48
2025-12-02 09:00:00,25.7,50
2025-12-02 10:00:00,24.8,55
2025-12-02 11:00:00,22.5,67
2025-12-02 12:00:00,20.7,75
2025-12-02 13:00:00,19.8,78
2025-12-02 14:00:00,18.9,82
2025-12-02 15:00:00,18.4,84
2025-12-02 16:00:00,17.7,88
2025-12-02 17:00:00,17.0,91
2025-12-02 18:00:00,16.9,92
2025-12-02 19:00:00,16.2,94
2025-12-02 20:00:00,15.4,95
2025-12-02 21:00:00,15.2,95
2025-12-02 22:00:00,14.8,96
2025-12-02 23:00:00,14.4,97
2025-12-03 00:00:00,14.7,97
2025-12-03 01:00:00,14.7,97
2025-12-03 02:00:00,17.5,86
2025-12-03 03:00:00,20.6,72
2025-12-03 04:00:00,23.1,61
2025-12-03 05:00:00,24.6,52
2025-12-03 06:00:00,25.3,48
2025-12-03 07:00:00,26.0,45
2025-12-03 08:00:00,26.1,42
2025-12-03 09:00:00,25.8,41
2025-12-03 10:00:00,24.6,49
2025-12-03 11:00:00,21.3,59
2025-12-03 12:00:00,19.7,68
2025-12-03 13:00:00,18.9,68
2025-12-03 14:00:00,18.1,71
2025-12-03 15:00:00,17.3,75
2025-12-03 16:00:00,16.9,77
2025-12-03 17:00:00,16.4,80
2025-12-03 18:00:00,16.1,84
2025-12-03 19:00:00,15.6,87
2025-12-03 20:00:00,15.3,90
2025-12-03 21:00:00,14.9,93
2025-12-03 22:00:00,14.6,94
2025-12-03 23:00:00,14.3,96
2025-12-04 00:00:00,14.5,97
2025-12-04 01:00:00,14.6,97
2025-12-04 02:00:00,17.4,87
2025-12-04 03:00:00,20.4,77
2025-12-04 04:00:00,22.9,70
2025-12-04 05:00:00,24.5,63
2025-12-04 06:00:00,25.2,60
2025-12-04 07:00:00,25.7,58
2025-12-04 08:00:00,26.0,54
2025-12-04 09:00:00,25.7,54
2025-12-04 10:00:00,24.9,59
2025-12-04 11:00:00,21.8,72
2025-12-04 12:00:00,20.9,79
2025-12-04 13:00:00,20.7,80
2025-12-04 14:00:00,19.8,86
2025-12-04 15:00:00,18.5,92
2025-12-04 16:00:00,17.9,94
2025-12-04 17:00:00,17.8,94
2025-12-04 18:00:00,17.8,95
2025-12-04 19:00:00,17.3,96
2025-12-04 20:00:00,17.0,96
2025-12-04 21:00:00,16.7,97
2025-12-04 22:00:00,16.4,97
2025-12-04 23:00:00,16.1,98
2025-12-05 00:00:00,16.0,98
2025-12-05 01:00:00,15.9,99
2025-12-05 02:00:00,18.0,93
2025-12-05 03:00:00,20.5,84
2025-12-05 04:00:00,23.0,75
2025-12-05 05:00:00,24.8,67
2025-12-05 06:00:00,25.7,61
2025-12-05 07:00:00,26.5,54
2025-12-05 08:00:00,26.8,50
2025-12-05 09:00:00,26.5,49
2025-12-05 10:00:00,25.4,54
2025-12-05 11:00:00,22.4,67
2025-12-05 12:00:00,21.2,75
2025-12-05 13:00:00,20.7,74
2025-12-05 14:00:00,19.9,73
2025-12-05 15:00:00,19.0,77
2025-12-05 16:00:00,18.1,83
2025-12-05 17:00:00,17.4,87
2025-12-05 18:00:00,16.9,91
2025-12-05 19:00:00,16.5,94
2025-12-05 20:00:00,16.2,94
2025-12-05 21:00:00,15.8,93
2025-12-05 22:00:00,15.5,93
2025-12-05 23:00:00,15.1,94
2025-12-06 00:00:00,14.9,93
2025-12-06 01:00:00,14.8,93
2025-12-06 02:00:00,17.3,81
2025-12-06 03:00:00,20.0,69
2025-12-06 04:00:00,22.4,62
2025-12-06 05:00:00,24.2,53
2025-12-06 06:00:00,24.8,49
2025-12-06 07:00:00,25.3,47
2025-12-06 08:00:00,25.5,45
2025-12-06 09:00:00,25.3,46
2025-12-06 10:00:00,24.4,51
2025-12-06 11:00:00,21.7,63
2025-12-06 12:00:00,20.1,72
2025-12-06 13:00:00,19.5,76
2025-12-06 14:00:00,18.8,79
2025-12-06 15:00:00,18.6,79
2025-12-06 16:00:00,17.9,82
2025-12-06 17:00:00,17.2,85
2025-12-06 18:00:00,16.7,88
2025-12-06 19:00:00,16.0,92
2025-12-06 20:00:00,15.5,93
2025-12-06 21:00:00,15.2,94
2025-12-06 22:00:00,14.9,94
2025-12-06 23:00:00,14.7,95
2025-12-07 00:00:00,14.9,96
2025-12-07 01:00:00,15.0,95
2025-12-07 02:00:00,17.3,85
2025-12-07 03:00:00,19.9,74
2025-12-07 04:00:00,22.2,66
2025-12-07 05:00:00,23.9,61
2025-12-07 06:00:00,24.8,54
2025-12-07 07:00:00,25.4,51
2025-12-07 08:00:00,25.6,50
2025-12-07 09:00:00,25.4,49
2025-12-07 10:00:00,24.6,51
2025-12-07 11:00:00,21.9,62
2025-12-07 12:00:00,20.5,72
2025-12-07 13:00:00,20.0,77
2025-12-07 14:00:00,19.9,77
2025-12-07 15:00:00,19.0,79
2025-12-07 16:00:00,17.9,84
2025-12-07 17:00:00,16.9,90
2025-12-07 18:00:00,16.8,91
2025-12-07 19:00:00,16.3,94
2025-12-07 20:00:00,16.0,94
2025-12-07 21:00:00,15.9,95
2025-12-07 22:00:00,15.6,96
2025-12-07 23:00:00,15.2,97
2025-12-08 00:00:00,15.4,97
2025-12-08 01:00:00,15.4,97
2025-12-08 02:00:00,17.5,88
2025-12-08 03:00:00,20.3,76
2025-12-08 04:00:00,22.6,67
2025-12-08 05:00:00,24.2,60
2025-12-08 06:00:00,24.9,54
2025-12-08 07:00:00,25.7,50
2025-12-08 08:00:00,25.9,49
2025-12-08 09:00:00,25.6,50
2025-12-08 10:00:00,24.8,52
2025-12-08 11:00:00,22.4,62
2025-12-08 12:00:00,20.7,70
2025-12-08 13:00:00,19.9,74
2025-12-08 14:00:00,19.2,81
2025-12-08 15:00:00,18.9,84
2025-12-08 16:00:00,18.3,86
2025-12-08 17:00:00,17.8,89
2025-12-08 18:00:00,17.2,93
2025-12-08 19:00:00,16.5,94
2025-12-08 20:00:00,16.3,95
2025-12-08 21:00:00,15.9,95
2025-12-08 22:00:00,15.3,97
2025-12-08 23:00:00,14.8,98
2025-12-09 00:00:00,15.1,100
2025-12-09 01:00:00,15.1,100
2025-12-09 02:00:00,17.2,94
2025-12-09 03:00:00,20.5,80
2025-12-09 04:00:00,23.0,66
2025-12-09 05:00:00,24.4,59
2025-12-09 06:00:00,24.9,56
2025-12-09 07:00:00,25.5,52
2025-12-09 08:00:00,25.6,50
2025-12-09 09:00:00,25.5,49
2025-12-09 10:00:00,24.7,51
2025-12-09 11:00:00,22.1,65
2025-12-09 12:00:00,20.7,70
2025-12-09 13:00:00,20.0,72
2025-12-09 14:00:00,19.2,75
2025-12-09 15:00:00,18.3,81
2025-12-09 16:00:00,17.5,87
2025-12-09 17:00:00,16.8,91
2025-12-09 18:00:00,16.4,93
2025-12-09 19:00:00,16.0,94
2025-12-09 20:00:00,15.7,94
2025-12-09 21:00:00,15.2,96
2025-12-09 22:00:00,14.7,97
2025-12-09 23:00:00,14.4,98
2025-12-10 00:00:00,14.7,98
2025-12-10 01:00:00,14.6,98
2025-12-10 02:00:00,17.0,90
2025-12-10 03:00:00,20.1,78
2025-12-10 04:00:00,22.7,68
2025-12-10 05:00:00,24.4,58
2025-12-10 06:00:00,25.1,54
2025-12-10 07:00:00,26.0,49
2025-12-10 08:00:00,26.3,45
2025-12-10 09:00:00,26.1,45
2025-12-10 10:00:00,25.2,48
2025-12-10 11:00:00,21.7,62
2025-12-10 12:00:00,20.3,73
2025-12-10 13:00:00,19.7,78
2025-12-10 14:00:00,19.6,78
2025-12-10 15:00:00,19.0,78
2025-12-10 16:00:00,17.8,84
2025-12-10 17:00:00,16.6,90
2025-12-10 18:00:00,16.4,91
2025-12-10 19:00:00,15.7,93
2025-12-10 20:00:00,15.4,94
2025-12-10 21:00:00,14.9,95
2025-12-10 22:00:00,14.2,96
2025-12-10 23:00:00,13.6,98
2025-12-11 00:00:00,14.0,100
2025-12-11 01:00:00,13.8,100
2025-12-11 02:00:00,16.4,91
2025-12-11 03:00:00,20.1,78
2025-12-11 04:00:00,22.8,64
2025-12-11 05:00:00,24.3,54
2025-12-11 06:00:00,24.9,49
2025-12-11 07:00:00,25.8,45
2025-12-11 08:00:00,26.1,43
2025-12-11 09:00:00,25.9,43
2025-12-11 10:00:00,25.0,45
2025-12-11 11:00:00,22.0,55
2025-12-11 12:00:00,20.4,58
2025-12-11 13:00:00,19.3,65
2025-12-11 14:00:00,18.2,71
2025-12-11 15:00:00,17.5,76
2025-12-11 16:00:00,16.8,81
2025-12-11 17:00:00,16.2,84
2025-12-11 18:00:00,16.1,85
2025-12-11 19:00:00,15.4,89
2025-12-11 20:00:00,14.7,93
2025-12-11 21:00:00,14.1,96
2025-12-11 22:00:00,13.6,98
2025-12-11 23:00:00,13.3,99
2025-12-12 00:00:00,13.5,100
2025-12-12 01:00:00,13.6,100
2025-12-12 02:00:00,16.9,86
2025-12-12 03:00:00,20.6,71
2025-12-12 04:00:00,22.9,61
2025-12-12 05:00:00,24.5,54
2025-12-12 06:00:00,25.4,48
2025-12-12 07:00:00,26.3,43
2025-12-12 08:00:00,26.5,41
2025-12-12 09:00:00,26.4,39
2025-12-12 10:00:00,25.6,45
2025-12-12 11:00:00,22.6,59
2025-12-12 12:00:00,20.3,70
2025-12-12 13:00:00,19.4,74
2025-12-12 14:00:00,19.2,73
2025-12-12 15:00:00,18.3,77
2025-12-12 16:00:00,17.5,81
2025-12-12 17:00:00,16.6,85
2025-12-12 18:00:00,16.4,86
2025-12-12 19:00:00,15.6,90
2025-12-12 20:00:00,15.2,92
2025-12-12 21:00:00,15.1,93
2025-12-12 22:00:00,14.9,94
2025-12-12 23:00:00,14.8,95
2025-12-13 00:00:00,14.9,95
2025-12-13 01:00:00,14.7,96
2025-12-13 02:00:00,17.5,83
2025-12-13 03:00:00,21.1,69
2025-12-13 04:00:00,24.0,56
2025-12-13 05:00:00,25.8,49
2025-12-13 06:00:00,26.7,46
2025-12-13 07:00:00,27.4,42
2025-12-13 08:00:00,27.5,41
2025-12-13 09:00:00,27.3,41
2025-12-13 10:00:00,26.5,45
2025-12-13 11:00:00,23.7,57
2025-12-13 12:00:00,21.7,64
2025-12-13 13:00:00,20.2,71
2025-12-13 14:00:00,18.9,80
2025-12-13 15:00:00,18.6,82
2025-12-13 16:00:00,18.2,80
2025-12-13 17:00:00,17.4,83
2025-12-13 18:00:00,16.8,89
2025-12-13 19:00:00,16.1,92
2025-12-13 20:00:00,15.9,92
2025-12-13 21:00:00,15.7,92
2025-12-13 22:00:00,15.1,93
2025-12-13 23:00:00,14.5,94
2025-12-14 00:00:00,14.7,94
2025-12-14 01:00:00,14.9,95
2025-12-14 02:00:00,17.8,83
2025-12-14 03:00:00,21.5,67
2025-12-14 04:00:00,24.2,56
2025-12-14 05:00:00,26.2,49
2025-12-14 06:00:00,27.0,45
2025-12-14 07:00:00,27.7,42
2025-12-14 08:00:00,27.7,42
2025-12-14 09:00:00,27.4,43
2025-12-14 10:00:00,26.5,45
2025-12-14 11:00:00,23.7,54
2025-12-14 12:00:00,21.6,57
2025-12-14 13:00:00,20.2,63
2025-12-14 14:00:00,19.1,73
2025-12-14 15:00:00,18.5,81
2025-12-14 16:00:00,18.2,82
2025-12-14 17:00:00,17.8,83
2025-12-14 18:00:00,17.1,87
2025-12-14 19:00:00,16.4,91
2025-12-14 20:00:00,16.0,92
2025-12-14 21:00:00,15.4,93
2025-12-14 22:00:00,15.0,94
2025-12-14 23:00:00,14.6,95
2025-12-15 00:00:00,14.8,95
2025-12-15 01:00:00,14.6,96
2025-12-15 02:00:00,17.3,85
2025-12-15 03:00:00,21.0,70
2025-12-15 04:00:00,24.2,58
2025-12-15 05:00:00,25.9,48
2025-12-15 06:00:00,26.6,45
2025-12-15 07:00:00,27.0,44
2025-12-15 08:00:00,27.2,43
2025-12-15 09:00:00,27.2,43
2025-12-15 10:00:00,26.6,45
2025-12-15 11:00:00,23.8,60
2025-12-15 12:00:00,21.3,68
2025-12-15 13:00:00,20.1,73
2025-12-15 14:00:00,19.3,76
2025-12-15 15:00:00,18.9,78
2025-12-15 16:00:00,18.2,81
2025-12-15 17:00:00,17.5,83
2025-12-15 18:00:00,16.9,84
2025-12-15 19:00:00,16.4,85
2025-12-15 20:00:00,16.0,86
2025-12-15 21:00:00,15.3,90
2025-12-15 22:00:00,14.6,94
2025-12-15 23:00:00,14.1,97
